Sample,Notes,Unit,Analysis_type,UTM (E),UTM (N),Latitude,Longitude,SiO2,TiO2,Al2O3,FeO,MnO,MgO,CaO,Na2O,K2O,P2O5,Original Total,Ba,Ce,Cr,Cu,Ga,La,Nb,Nd,Ni,Pb,Rb,Sc,Sr,Th,U,V,Y,Zn,Zr,,,
UB-1,"scoria bombs, floor of UB",Ubehebe Crater,whole_rock,460044,4096096,37.01018054,-117.4491232,49.51,1.93,16.78,10.29,0.17,5.20,8.09,4.06,2.36,1.21,99.01,1376,191,63,28,20,101,36,80,48,9,30,17,1563,8,3,172,30,136,396,,,
UB-2,"scoria bombs, floor of UB",Ubehebe Crater,whole_rock,460044,4096096,37.01018054,-117.4491232,50.03,1.92,16.84,10.16,0.17,5.06,7.80,4.05,2.37,1.20,99.45,1380,194,61,28,20,99,36,78,48,9,32,16,1564,9,3,171,29,141,399,,,
UB-2R,"scoria bombs, floor of UB",Ubehebe Crater,whole_rock,460044,4096096,37.01018054,-117.4491232,50.11,1.93,16.84,9.95,0.17,5.09,7.87,4.06,2.37,1.21,99.20,1388,198,64,30,19,99,36,81,49,9,31,17,1551,10,3,175,29,136,396,,,
UB-3,"final aggultinate, floor of UB",Ubehebe Crater,whole_rock,459846,4096113,37.01032534,-117.4513496,49.01,2.00,16.60,10.46,0.17,5.35,8.55,3.97,2.27,1.21,99.19,1335,190,65,36,20,99,34,78,48,9,29,17,1580,8,2,181,29,136,378,,,
UB-24,"final aggultinate, floor of UB",Ubehebe Crater,whole_rock,459848,4096117,37.01036148,-117.4513274,49.16,2.02,16.72,10.14,0.17,5.33,8.56,3.99,2.31,1.20,99.15,1363,193,63,34,19,98,35,79,48,10,28,17,1586,9,2,180,30,139,383,,,
UB-33,in Ubehebe deposits; North,Ubehebe Crater,whole_rock,459580,4096305,37.01204464,-117.4543498,49.54,1.95,16.84,10.30,0.17,5.15,7.99,4.08,2.36,1.22,99.48,1384,197,69,29,21,105,37,81,49,9,29,18,1588,9,2,173,30,140,398,,,
UB-35,in Ubehebe deposits; North,Ubehebe Crater,whole_rock,459775,4096339,37.01235949,-117.4521598,49.46,1.92,16.69,10.22,0.17,5.35,8.36,3.94,2.32,1.17,99.12,1334,184,72,33,21,97,33,75,51,10,32,18,1531,8,3,178,30,137,373,,,
UB-36-1,in Ubehebe deposits; West,Ubehebe Crater,whole_rock,459331,4095888,37.008275,-117.4571262,48.65,1.89,16.41,9.95,0.18,6.23,9.15,3.77,2.24,1.14,98.94,1300,184,69,49,20,95,32,74,56,9,30,18,1490,9,2,175,28,136,373,,,
UB-37-1,in Ubehebe deposits; South,Ubehebe Crater,whole_rock,460115,4095392,37.0038376,-117.4482879,49.56,1.92,16.70,10.12,0.17,5.35,8.36,3.92,2.33,1.17,98.53,1351,189,69,35,19,101,34,76,55,11,33,17,1520,9,4,180,30,133,383,,,
UB-21,west of vent,Crater P,whole_rock,459329,4095484,37.00463321,-117.4571268,49.70,1.97,16.94,9.95,0.17,5.18,7.98,4.14,2.36,1.20,99.02,1382,200,69,29,21,100,37,81,50,11,28,16,1577,10,1,176,30,138,398,,,
UB-22,near south rim of vent,Crater P,whole_rock,459470,4095346,37.00339535,-117.4555347,49.90,1.96,16.90,10.04,0.17,5.12,7.81,4.11,2.38,1.21,99.34,1390,198,66,29,20,98,36,81,49,10,29,16,1572,9,2,176,30,139,404,,,
UB-23,SSW of vent,Crater P,whole_rock,459555,4095249,37.00252464,-117.4545741,49.82,1.98,16.95,9.99,0.17,5.13,8.04,3.95,2.34,1.22,98.41,1387,196,64,29,19,100,37,81,49,11,28,17,1578,9,3,176,30,137,402,,,
UB-28,Big South gulch,Crater P,whole_rock,459429,4094920,36.99955356,-117.4559725,49.62,1.97,16.88,10.20,0.17,5.25,7.95,4.04,2.34,1.19,97.91,1364,189,68,29,20,101,36,81,50,11,29,18,1558,9,4,174,29,137,396,,,
UB-12,SW wall Little Hebe crater,Little Hebe,whole_rock,459755,4095415,37.00402958,-117.4523352,49.87,1.95,16.84,9.98,0.16,4.98,8.27,3.99,2.37,1.20,97.68,1357,189,66,28,20,102,35,78,49,10,29,17,1542,10,3,172,29,127,391,,,
UB-15,fall in North segment of  Amphitheater,Little Hebe,whole_rock,459924,4095368,37.00361313,-117.4504333,49.84,1.95,16.81,9.99,0.17,5.15,8.06,4.05,2.37,1.19,98.51,1378,193,76,31,21,99,36,79,50,11,30,18,1550,10,5,175,29,136,396,,,
UB-29,fall in North segment of  Amphitheater,Little Hebe,whole_rock,459951,4095502,37.00482218,-117.4501369,49.72,1.97,16.89,10.00,0.17,5.18,7.99,4.12,2.36,1.21,98.62,1392,193,72,29,21,102,37,80,50,10,28,17,1568,10,2,180,29,138,398,,,
UB-30,fall in North segment of  Amphitheater,Little Hebe,whole_rock,459955,4095505,37.00484939,-117.4500921,49.80,1.96,16.88,10.08,0.17,5.16,8.02,3.97,2.36,1.19,99.04,1383,197,69,30,21,100,36,80,50,10,29,17,1563,8,3,176,30,137,399,,,
UB-8,Gulch 1,"South segment Amphitheater, basal fall",whole_rock,460237,4095095,37.00116557,-117.446901,49.75,1.96,16.89,10.12,0.17,5.13,7.88,4.11,2.38,1.21,98.85,1395,196,66,29,20,101,37,80,50,10,29,17,1569,9,2,175,29,139,402,,,
UB-9,Gulch 3,"South segment Amphitheater, basal fall",whole_rock,460020,4094997,37.00027297,-117.4493346,49.75,1.96,16.88,10.05,0.17,5.17,7.90,4.12,2.37,1.22,98.41,1388,198,65,28,21,106,36,79,50,10,28,16,1564,9,2,175,29,136,401,,,
UB-9R,Gulch 3,"South segment Amphitheater, basal fall",whole_rock,460020,4094997,37.00027297,-117.4493346,49.70,1.97,16.92,10.04,0.17,5.17,7.91,4.13,2.37,1.22,98.90,1394,195,66,28,20,101,37,83,50,12,28,18,1578,9,3,175,31,137,403,,,
UB-10,nose btwn Gulches 2-3 (contaminated?),"South segment Amphitheater, basal fall",whole_rock,459817,4095146,37.00160742,-117.451624,50.62,1.91,16.74,9.79,0.17,5.01,7.73,4.05,2.43,1.15,98.64,1364,187,62,27,21,100,35,77,47,10,33,18,1513,9,5,174,29,130,386,,,
UB-11,South wall Ubehebe Crater at corner of Alcove Crater,"Initial Scoria Fall ""S""",whole_rock,459695,4095582,37.00553236,-117.4530185,49.81,1.97,16.91,10.06,0.17,5.17,7.94,3.98,2.37,1.21,98.80,1391,196,65,28,20,100,37,80,50,10,29,17,1574,9,2,177,29,139,401,,,
UB-16,South rim of Ubehebe Crater,"Initial Scoria Fall ""S""",whole_rock,459862,4095587,37.00558458,-117.4511418,49.75,1.98,16.91,9.94,0.17,5.16,7.98,4.12,2.38,1.22,98.34,1387,193,65,30,20,105,36,81,49,10,28,17,1572,9,2,178,30,139,400,,,
UB-17,Southwest wall of Ubehebe Crater,"Initial Scoria Fall ""S""",whole_rock,459644,4095735,37.00690934,-117.4535999,49.79,1.97,16.88,10.01,0.17,5.17,7.92,4.10,2.38,1.22,99.13,1390,196,65,29,20,103,36,80,50,11,29,17,1578,9,3,175,29,139,403,,,
UB-18,West wall of Ubehebe Crater,"Initial Scoria Fall ""S""",whole_rock,459588,4095755,37.00708721,-117.4542304,49.78,1.98,16.96,9.92,0.17,5.16,7.92,4.10,2.37,1.22,98.63,1393,196,67,28,19,103,35,81,49,9,28,17,1570,10,3,175,29,137,401,,,
UB-19A,lowest fall exposed in Crater U,"Initial Scoria Fall ""S""",whole_rock,459393,4095838,37.00782698,-117.4564266,49.79,1.98,16.92,9.98,0.18,5.19,7.89,4.07,2.38,1.22,98.80,1391,196,64,28,20,102,37,82,50,10,28,17,1573,10,3,176,30,139,404,,,
UB-25B,basal fall on basement north of Ubehebe Crater,"Initial Scoria Fall ""S""",whole_rock,460193,4097033,37.01863311,-117.4474979,50.02,1.96,16.92,9.99,0.17,5.13,7.78,4.04,2.39,1.20,98.25,1371,192,65,29,20,105,36,81,49,10,29,16,1548,9,2,176,30,135,398,,,
UB-26,South wall of Ubehebe Crater,"Initial Scoria Fall ""S""",whole_rock,459785,4095608,37.00577059,-117.4520083,49.82,1.97,16.92,10.03,0.17,5.15,7.97,3.97,2.38,1.21,99.07,1392,200,76,31,22,97,36,81,50,10,29,17,1577,9,4,179,30,139,399,,,
UB-27,"Basal fall on basement, east end of south wall of Ubehebe Crater","Initial Scoria Fall ""S""",whole_rock,459976,4095694,37.00655396,-117.4498662,49.80,1.97,16.87,10.01,0.17,5.17,7.92,4.10,2.37,1.22,98.54,1393,194,67,30,20,103,37,81,49,9,29,17,1573,10,3,176,29,135,401,,,
UB-31,"lowest exposed fall, south wall Crater W","Initial Scoria Fall ""S""",whole_rock,459079,4095853,37.00794857,-117.4599567,49.50,1.96,16.87,10.39,0.17,5.17,7.84,4.12,2.35,1.23,98.85,1387,197,64,29,19,101,36,80,47,9,29,16,1576,8,2,176,30,138,399,,,
UB-32,lowest fall exposed in Crater U,"Initial Scoria Fall ""S""",whole_rock,459392,4095840,37.00784496,-117.4564379,49.86,1.92,16.91,10.26,0.17,5.11,7.79,4.01,2.36,1.21,99.01,1364,194,67,30,21,103,37,79,47,9,32,17,1547,9,4,174,29,137,394,,,
UB-34,"basal fall on basement in Sec. 23,  north wall of Ubehebe Crater","Initial Scoria Fall ""S""",whole_rock,459775,4096339,37.01235949,-117.4521598,49.83,1.94,16.86,10.34,0.17,5.14,7.75,4.01,2.35,1.21,98.57,1372,193,73,27,21,103,36,79,48,10,31,16,1544,8,4,172,30,139,394,,,
S_41,site 4,"Initial Scoria Fall ""S""",EDS,459655,4095731,37.00687375,-117.453476,54.75,2.42,16.09,9.71,0.22,3.09,6.26,3.64,3.83,0.00,100.00,,,,,,,,,,,,,,,,,,,,,,
S_41,site 8,"Initial Scoria Fall ""S""",EDS,459655,4095731,37.00687375,-117.453476,54.10,2.53,15.91,9.97,0.19,3.29,6.56,3.93,3.52,0.00,100.00,,,,,,,,,,,,,,,,,,,,,,
S_41,site 10,"Initial Scoria Fall ""S""",EDS,459655,4095731,37.00687375,-117.453476,54.33,2.46,16.19,9.55,0.12,3.21,6.45,4.14,3.54,0.00,100.00,,,,,,,,,,,,,,,,,,,,,,
S_41,site 20,"Initial Scoria Fall ""S""",EDS,459655,4095731,37.00687375,-117.453476,54.29,2.40,16.22,9.58,0.20,3.18,6.55,3.97,3.61,0.00,100.00,,,,,,,,,,,,,,,,,,,,,,
S_41,site 23,"Initial Scoria Fall ""S""",EDS,459655,4095731,37.00687375,-117.453476,54.02,2.52,16.01,9.53,0.22,3.16,6.46,4.45,3.65,0.00,100.00,,,,,,,,,,,,,,,,,,,,,,
T_41,site 29,"Initial Scoria Fall ""S""",EDS,459655,4095731,37.00687375,-117.453476,61.81,0.00,17.58,4.09,0.00,0.76,4.62,5.59,5.55,0.00,100.00,,,,,,,,,,,,,,,,,,,,,,
T_41,site 30,"Initial Scoria Fall ""S""",EDS,459655,4095731,37.00687375,-117.453476,54.66,0.69,15.21,10.34,0.00,2.27,6.95,4.55,4.34,0.99,100.00,,,,,,,,,,,,,,,,,,,,,,
T_41,site 31,"Initial Scoria Fall ""S""",EDS,459655,4095731,37.00687375,-117.453476,65.75,0.00,18.26,2.28,0.00,0.00,0.00,6.63,7.08,0.00,100.00,,,,,,,,,,,,,,,,,,,,,,
T_55,Site 2,"Initial Scoria Fall ""S""",EDS,459099,4095925,37.00859845,-117.4597358,60.78,0.00,15.93,6.26,0.00,1.48,4.88,5.73,4.50,0.44,100.00,,,,,,,,,,,,,,,,,,,,,,
T_55,site 4,"Initial Scoria Fall ""S""",EDS,459099,4095925,37.00859845,-117.4597358,55.56,0.40,17.69,6.87,0.00,2.92,8.98,5.05,2.54,0.00,100.00,,,,,,,,,,,,,,,,,,,,,,
T_55,site 6,"Initial Scoria Fall ""S""",EDS,459099,4095925,37.00859845,-117.4597358,54.97,1.75,15.81,9.74,0.00,2.35,5.24,5.20,4.61,0.32,100.00,,,,,,,,,,,,,,,,,,,,,,
S_55,site 30,"Initial Scoria Fall ""S""",EDS,459099,4095925,37.00859845,-117.4597358,53.99,2.60,14.49,9.90,0.15,4.67,8.67,2.87,2.66,0.00,100.00,,,,,,,,,,,,,,,,,,,,,,
S_55,site 36,"Initial Scoria Fall ""S""",EDS,459099,4095925,37.00859845,-117.4597358,55.11,2.60,16.08,9.81,0.20,3.13,6.46,3.40,3.18,0.00,100.00,,,,,,,,,,,,,,,,,,,,,,
S_55,site 40,"Initial Scoria Fall ""S""",EDS,459099,4095925,37.00859845,-117.4597358,55.32,2.52,16.19,9.40,0.18,3.09,6.40,3.42,3.48,0.00,100.00,,,,,,,,,,,,,,,,,,,,,,
S_55,site 42,"Initial Scoria Fall ""S""",EDS,459099,4095925,37.00859845,-117.4597358,55.08,2.55,16.28,9.70,0.23,3.07,6.39,3.40,3.30,0.00,100.00,,,,,,,,,,,,,,,,,,,,,,
S_55,site 49,"Initial Scoria Fall ""S""",EDS,459099,4095925,37.00859845,-117.4597358,55.16,2.56,16.18,9.82,0.25,3.09,6.48,3.19,3.26,0.00,100.00,,,,,,,,,,,,,,,,,,,,,,
S_60,site 4,"Initial Scoria Fall ""S""",EDS,460193,4097039,37.01868719,-117.4474982,52.92,2.59,15.17,9.88,0.23,3.13,6.06,3.26,3.37,1.26,100.00,,,,,,,,,,,,,,,,,,,,,,
S_60,site 6,"Initial Scoria Fall ""S""",EDS,460193,4097039,37.01868719,-117.4474982,54.21,2.45,16.17,9.31,0.15,3.04,6.38,3.71,3.41,1.14,100.00,,,,,,,,,,,,,,,,,,,,,,
S_60,site 8,"Initial Scoria Fall ""S""",EDS,460193,4097039,37.01868719,-117.4474982,53.14,2.36,15.73,9.23,0.15,3.00,6.09,3.87,3.56,1.06,100.04,,,,,,,,,,,,,,,,,,,,,,
S_60,site 10,"Initial Scoria Fall ""S""",EDS,460193,4097039,37.01868719,-117.4474982,53.56,2.42,15.15,9.28,0.16,2.75,5.92,3.44,3.07,1.07,96.82,,,,,,,,,,,,,,,,,,,,,,
S_60,site 12,"Initial Scoria Fall ""S""",EDS,460193,4097039,37.01868719,-117.4474982,53.27,2.41,15.66,9.29,0.22,3.09,6.26,3.24,3.16,1.14,97.75,,,,,,,,,,,,,,,,,,,,,,
T_60,site 28,"Initial Scoria Fall ""S""",EDS,460193,4097039,37.01868719,-117.4474982,66.15,,22.27,,,,3.48,4.66,3.43,,100.00,,,,,,,,,,,,,,,,,,,,,,
T_60,site 29,"Initial Scoria Fall ""S""",EDS,460193,4097039,37.01868719,-117.4474982,68.36,,16.65,6.40,,,1.85,3.90,2.83,,100.00,,,,,,,,,,,,,,,,,,,,,,
T_60,site 30,"Initial Scoria Fall ""S""",EDS,460193,4097039,37.01868719,-117.4474982,55.75,1.55,16.42,8.46,,2.31,5.81,5.02,4.12,0.56,100.00,,,,,,,,,,,,,,,,,,,,,,
T_63,Site 5,"Initial Scoria Fall ""S""",EDS,460497,4096202,37.0111552,-117.444037,63.14,0.00,17.37,4.77,0.00,0.98,3.94,5.64,4.15,0.00,100.00,,,,,,,,,,,,,,,,,,,,,,
T_63,site 7,"Initial Scoria Fall ""S""",EDS,460497,4096202,37.0111552,-117.444037,59.40,0.55,15.78,8.00,0.00,3.16,5.14,4.33,3.65,0.00,100.00,,,,,,,,,,,,,,,,,,,,,,
T_63,site 8,"Initial Scoria Fall ""S""",EDS,460497,4096202,37.0111552,-117.444037,58.54,0.00,17.51,5.62,0.00,3.08,5.10,3.94,4.43,0.00,100.00,,,,,,,,,,,,,,,,,,,,,,
T_63,site 13,"Initial Scoria Fall ""S""",EDS,460497,4096202,37.0111552,-117.444037,53.54,1.73,15.71,9.83,0.00,3.23,5.93,5.36,4.36,0.30,100.00,,,,,,,,,,,,,,,,,,,,,,
T_63,site 14,"Initial Scoria Fall ""S""",EDS,460497,4096202,37.0111552,-117.444037,55.56,1.65,16.95,7.76,0.00,2.87,6.24,4.61,4.36,0.00,100.00,,,,,,,,,,,,,,,,,,,,,,
63-rim,site 19,"Initial Scoria Fall ""S""",EDS,460497,4096202,37.0111552,-117.444037,53.10,2.78,15.48,9.55,0.30,3.54,6.37,4.59,2.65,1.64,100.00,,,,,,,,,,,,,,,,,,,,,,
S_63,site 34,"Initial Scoria Fall ""S""",EDS,460497,4096202,37.0111552,-117.444037,54.45,2.56,16.10,9.69,0.25,3.01,6.36,3.28,3.14,1.17,100.00,,,,,,,,,,,,,,,,,,,,,,
S_63,site 35,"Initial Scoria Fall ""S""",EDS,460497,4096202,37.0111552,-117.444037,53.23,2.47,15.51,9.43,0.19,3.14,6.43,3.30,3.07,1.13,97.89,,,,,,,,,,,,,,,,,,,,,,
S_63,site 37,"Initial Scoria Fall ""S""",EDS,460497,4096202,37.0111552,-117.444037,53.62,2.51,15.71,9.47,0.16,3.01,6.24,3.07,3.15,1.15,98.09,,,,,,,,,,,,,,,,,,,,,,
S_63,site 39,"Initial Scoria Fall ""S""",EDS,460497,4096202,37.0111552,-117.444037,52.80,2.43,15.75,9.38,0.15,3.15,6.30,3.59,3.26,1.10,97.93,,,,,,,,,,,,,,,,,,,,,,
S_63,site 44,"Initial Scoria Fall ""S""",EDS,460497,4096202,37.0111552,-117.444037,53.35,2.58,15.04,9.97,0.19,2.86,5.84,3.18,3.43,1.13,97.62,,,,,,,,,,,,,,,,,,,,,,
S_63,site 48,"Initial Scoria Fall ""S""",EDS,460497,4096202,37.0111552,-117.444037,54.26,2.51,16.17,9.26,0.21,3.24,6.43,3.48,3.24,1.18,100.00,,,,,,,,,,,,,,,,,,,,,,
T_67,site 4,"Initial Scoria Fall ""S""",EDS,460236,4095310,37.00310357,-117.4469236,50.81,1.52,18.42,6.83,0.12,3.15,8.85,4.61,2.47,1.10,100.00,,,,,,,,,,,,,,,,,,,,,,
T_67,site 8,"Initial Scoria Fall ""S""",EDS,460236,4095310,37.00310357,-117.4469236,51.59,1.79,18.89,7.75,0.17,2.99,7.90,4.86,2.58,1.46,100.00,,,,,,,,,,,,,,,,,,,,,,
T_67,site 11,"Initial Scoria Fall ""S""",EDS,460236,4095310,37.00310357,-117.4469236,49.93,1.68,17.89,8.64,0.17,4.26,7.31,4.44,2.43,1.23,100.00,,,,,,,,,,,,,,,,,,,,,,
T_67,site 14,"Initial Scoria Fall ""S""",EDS,460236,4095310,37.00310357,-117.4469236,50.92,1.63,19.09,6.98,0.14,3.00,7.96,4.53,2.43,1.16,100.00,,,,,,,,,,,,,,,,,,,,,,
S_67,site 35,"Initial Scoria Fall ""S""",EDS,460236,4095310,37.00310357,-117.4469236,53.88,2.47,15.75,9.20,0.26,2.87,6.07,3.25,3.15,1.09,100.00,,,,,,,,,,,,,,,,,,,,,,
S_67,site 36,"Initial Scoria Fall ""S""",EDS,460236,4095310,37.00310357,-117.4469236,54.23,2.43,16.22,9.54,0.00,3.21,6.47,3.53,3.25,1.11,100.00,,,,,,,,,,,,,,,,,,,,,,
S_67,site 37,"Initial Scoria Fall ""S""",EDS,460236,4095310,37.00310357,-117.4469236,53.78,2.43,16.15,9.45,0.00,3.23,6.42,3.92,3.44,1.19,100.00,,,,,,,,,,,,,,,,,,,,,,
S_67,site 38,"Initial Scoria Fall ""S""",EDS,460236,4095310,37.00310357,-117.4469236,52.11,2.38,15.68,9.07,0.28,3.19,6.25,3.96,3.33,1.14,100.00,,,,,,,,,,,,,,,,,,,,,,
S_67,site 39,"Initial Scoria Fall ""S""",EDS,460236,4095310,37.00310357,-117.4469236,54.41,2.37,15.89,9.53,0.36,3.19,6.37,3.36,3.28,1.23,100.00,,,,,,,,,,,,,,,,,,,,,,
S_44,site 2,"Amphitheatre- 1st ash-poor bed, in Gulch 4, bulk sample",EDS,459812,4095069,37.00091312,-117.4516761,56.28,2.50,16.06,9.45,0.32,2.60,5.62,2.97,3.37,1.05,100.21,,,,,,,,,,,,,,,,,,,,,,
S_44,site 3,"Amphitheatre- 1st ash-poor bed, in Gulch 4, bulk sample",EDS,459812,4095069,37.00091312,-117.4516761,56.18,2.40,16.61,9.06,0.43,2.54,5.81,3.11,3.27,0.97,101.96,,,,,,,,,,,,,,,,,,,,,,
S_44,site 4,"Amphitheatre- 1st ash-poor bed, in Gulch 4, bulk sample",EDS,459812,4095069,37.00091312,-117.4516761,55.92,2.36,15.85,9.29,0.35,2.65,5.89,2.94,3.48,1.06,102.29,,,,,,,,,,,,,,,,,,,,,,
S_44,site 5,"Amphitheatre- 1st ash-poor bed, in Gulch 4, bulk sample",EDS,459812,4095069,37.00091312,-117.4516761,55.26,2.42,15.91,8.76,0.35,2.49,6.04,2.83,3.45,1.35,103.81,,,,,,,,,,,,,,,,,,,,,,
S_44,site 6,"Amphitheatre- 1st ash-poor bed, in Gulch 4, bulk sample",EDS,459812,4095069,37.00091312,-117.4516761,57.57,2.11,16.63,8.08,0.29,2.08,4.86,3.27,3.95,1.41,102.76,,,,,,,,,,,,,,,,,,,,,,
T_44,site 7,"Amphitheatre- 1st ash-poor bed, in Gulch 4, bulk sample",EDS,459812,4095069,37.00091312,-117.4516761,58.23,1.87,17.17,7.54,0.33,1.49,4.17,4.46,4.53,1.47,101.98,,,,,,,,,,,,,,,,,,,,,,
T_44,site 8,"Amphitheatre- 1st ash-poor bed, in Gulch 4, bulk sample",EDS,459812,4095069,37.00091312,-117.4516761,57.96,1.42,19.59,5.38,,1.58,5.83,4.07,3.46,2.81,102.08,,,,,,,,,,,,,,,,,,,,,,
T_44,site 9,"Amphitheatre- 1st ash-poor bed, in Gulch 4, bulk sample",EDS,459812,4095069,37.00091312,-117.4516761,58.12,2.35,16.50,9.03,,2.18,4.99,2.70,3.69,0.91,100.45,,,,,,,,,,,,,,,,,,,,,,
T_44,site 10,"Amphitheatre- 1st ash-poor bed, in Gulch 4, bulk sample",EDS,459812,4095069,37.00091312,-117.4516761,55.39,2.32,16.14,9.41,0.33,2.33,5.52,3.86,3.46,0.98,101.74,,,,,,,,,,,,,,,,,,,,,,
T_44,site 11,"Amphitheatre- 1st ash-poor bed, in Gulch 4, bulk sample",EDS,459812,4095069,37.00091312,-117.4516761,56.76,2.48,16.22,9.67,0.33,1.96,4.51,3.21,3.83,1.20,100.18,,,,,,,,,,,,,,,,,,,,,,
S_45,site 3,Amphitheatre - Lower block-and-bomb bed in Gulch 4,EDS,459812,4095069,37.00091312,-117.4516761,57.02,2.52,16.24,9.10,,2.38,5.62,2.98,3.64,1.44,100.92,,,,,,,,,,,,,,,,,,,,,,
S_45,site 4,Amphitheatre - Lower block-and-bomb bed in Gulch 5,EDS,459812,4095069,37.00091312,-117.4516761,58.12,2.30,16.40,8.40,0.45,2.15,5.01,3.03,3.66,1.02,100.55,,,,,,,,,,,,,,,,,,,,,,
S_45,site 5,Amphitheatre - Lower block-and-bomb bed in Gulch 6,EDS,459812,4095069,37.00091312,-117.4516761,55.76,2.51,15.93,9.45,0.30,2.44,5.47,2.98,3.60,1.15,101.72,,,,,,,,,,,,,,,,,,,,,,
S_45,site 6,Amphitheatre - Lower block-and-bomb bed in Gulch 7,EDS,459812,4095069,37.00091312,-117.4516761,56.21,2.40,16.26,9.01,,2.46,5.56,3.14,3.54,1.00,101.47,,,,,,,,,,,,,,,,,,,,,,
S_45,site 7,Amphitheatre - Lower block-and-bomb bed in Gulch 8,EDS,459812,4095069,37.00091312,-117.4516761,56.21,2.25,14.81,8.90,0.33,3.51,6.95,2.81,3.15,1.11,102.32,,,,,,,,,,,,,,,,,,,,,,
S_45,site 8,Amphitheatre - Lower block-and-bomb bed in Gulch 9,EDS,459812,4095069,37.00091312,-117.4516761,57.18,2.44,16.30,8.70,,2.34,5.17,2.90,3.59,0.92,102.15,,,,,,,,,,,,,,,,,,,,,,
T_45,site 9,Amphitheatre - Lower block-and-bomb bed in Gulch 10,EDS,459812,4095069,37.00091312,-117.4516761,57.76,2.53,16.31,8.20,0.32,2.08,4.34,3.60,4.19,0.96,100.28,,,,,,,,,,,,,,,,,,,,,,
T_45,site 10,Amphitheatre - Lower block-and-bomb bed in Gulch 11,EDS,459812,4095069,37.00091312,-117.4516761,56.02,2.49,16.25,9.19,0.38,2.32,5.26,3.18,3.68,1.05,102.52,,,,,,,,,,,,,,,,,,,,,,
T_45,site 11,Amphitheatre - Lower block-and-bomb bed in Gulch 12,EDS,459812,4095069,37.00091312,-117.4516761,54.25,2.60,15.17,9.99,0.34,2.53,6.14,3.01,3.76,1.45,101.42,,,,,,,,,,,,,,,,,,,,,,
T_45,site 12,Amphitheatre - Lower block-and-bomb bed in Gulch 13,EDS,459812,4095069,37.00091312,-117.4516761,59.12,1.91,16.85,5.83,0.27,0.83,2.88,3.79,5.01,1.34,100.01,,,,,,,,,,,,,,,,,,,,,,
T_45,site 13,Amphitheatre - Lower block-and-bomb bed in Gulch 14,EDS,459812,4095069,37.00091312,-117.4516761,55.89,2.49,16.31,8.73,0.32,2.46,5.41,3.40,4.21,1.20,100.41,,,,,,,,,,,,,,,,,,,,,,
S_46,site 2,Amphitheatre 2nd ash poor bed in gulch 4,EDS,459812,4095069,37.00091312,-117.4516761,54.19,2.58,15.87,9.58,,2.76,5.87,3.48,3.77,1.04,101.12,,,,,,,,,,,,,,,,,,,,,,
S_46,site 3,Amphitheatre 2nd ash poor bed in gulch 5,EDS,459812,4095069,37.00091312,-117.4516761,55.47,2.43,16.54,9.23,,2.62,6.38,3.23,3.02,1.04,99.97,,,,,,,,,,,,,,,,,,,,,,
S_46,site 4,Amphitheatre 2nd ash poor bed in gulch 6,EDS,459812,4095069,37.00091312,-117.4516761,55.23,2.54,16.00,9.79,,2.92,6.15,2.87,3.38,1.12,99.98,,,,,,,,,,,,,,,,,,,,,,
S_46,site 5,Amphitheatre 2nd ash poor bed in gulch 7,EDS,459812,4095069,37.00091312,-117.4516761,55.18,2.57,15.84,9.39,0.33,2.54,5.94,3.16,3.42,1.15,101.97,,,,,,,,,,,,,,,,,,,,,,
T_46,site 6,Amphitheatre 2nd ash poor bed in gulch 8,EDS,459812,4095069,37.00091312,-117.4516761,59.79,2.01,17.68,6.24,0.32,1.11,3.85,4.14,4.17,1.51,101.52,,,,,,,,,,,,,,,,,,,,,,
T_46,site 7,Amphitheatre 2nd ash poor bed in gulch 9,EDS,459812,4095069,37.00091312,-117.4516761,59.85,1.13,19.13,3.32,,1.21,4.76,3.95,4.15,,101.19,,,,,,,,,,,,,,,,,,,,,,
T_46,site 8,Amphitheatre 2nd ash poor bed in gulch 10,EDS,459812,4095069,37.00091312,-117.4516761,58.77,2.60,16.45,7.48,0.31,1.46,3.48,3.63,4.53,1.21,101.72,,,,,,,,,,,,,,,,,,,,,,
T_46,site 9,Amphitheatre 2nd ash poor bed in gulch 11,EDS,459812,4095069,37.00091312,-117.4516761,58.89,1.42,20.28,3.87,0.32,1.15,5.71,4.99,3.20,1.12,101.88,,,,,,,,,,,,,,,,,,,,,,
T_46,site 10,Amphitheatre 2nd ash poor bed in gulch 12,EDS,459812,4095069,37.00091312,-117.4516761,59.47,1.04,22.26,3.30,,0.77,5.51,4.95,2.89,,100.98,,,,,,,,,,,,,,,,,,,,,,
S_47,site 5,Amphitheatre- Upper black and bomb bed gulch 4,EDS,459812,4095069,37.00091312,-117.4516761,53.91,2.51,15.90,9.85,,3.25,6.54,3.32,3.47,1.23,99.98,,,,,,,,,,,,,,,,,,,,,,
S_47,site 6,Amphitheatre- Upper black and bomb bed gulch 5,EDS,459812,4095069,37.00091312,-117.4516761,54.56,2.58,15.72,10.04,0.40,3.20,6.42,3.08,3.02,1.23,100.46,,,,,,,,,,,,,,,,,,,,,,
S_47,site 7,Amphitheatre- Upper black and bomb bed gulch 6,EDS,459812,4095069,37.00091312,-117.4516761,55.05,2.58,16.36,9.41,0.33,2.73,6.63,3.09,3.14,1.42,100.74,,,,,,,,,,,,,,,,,,,,,,
S_47,site 9,Amphitheatre- Upper black and bomb bed gulch 7,EDS,459812,4095069,37.00091312,-117.4516761,53.77,2.56,15.27,10.17,0.32,3.05,7.25,2.88,3.04,1.91,100.21,,,,,,,,,,,,,,,,,,,,,,
S_47,site 10,Amphitheatre- Upper black and bomb bed gulch 8,EDS,459812,4095069,37.00091312,-117.4516761,54.27,2.57,15.80,9.92,0.31,2.89,6.32,3.03,3.35,1.31,101.87,,,,,,,,,,,,,,,,,,,,,,
S_47,site 11,Amphitheatre- Upper black and bomb bed gulch 9,EDS,459812,4095069,37.00091312,-117.4516761,55.97,2.45,16.11,9.53,,2.79,6.02,3.11,3.23,1.32,100.52,,,,,,,,,,,,,,,,,,,,,,
S_47,site 12,Amphitheatre- Upper black and bomb bed gulch 10,EDS,459812,4095069,37.00091312,-117.4516761,54.73,2.60,15.61,10.03,0.37,2.83,6.06,3.00,3.23,1.08,101.70,,,,,,,,,,,,,,,,,,,,,,
T_47,site 13,Amphitheatre- Upper black and bomb bed gulch 11,EDS,459812,4095069,37.00091312,-117.4516761,55.45,2.75,15.26,10.03,0.38,2.47,5.45,3.14,3.62,1.17,102.02,,,,,,,,,,,,,,,,,,,,,,
T_47,site 14,Amphitheatre- Upper black and bomb bed gulch 12,EDS,459812,4095069,37.00091312,-117.4516761,58.07,2.70,15.84,6.95,0.40,2.81,4.71,3.38,3.71,1.19,102.90,,,,,,,,,,,,,,,,,,,,,,
T_47,site 16,Amphitheatre- Upper black and bomb bed gulch 13,EDS,459812,4095069,37.00091312,-117.4516761,60.40,1.38,18.39,4.89,,1.27,5.11,4.44,3.56,1.28,101.41,,,,,,,,,,,,,,,,,,,,,,
T_47,site 17,Amphitheatre- Upper black and bomb bed gulch 14,EDS,459812,4095069,37.00091312,-117.4516761,59.96,2.18,17.41,7.78,,1.25,3.53,3.48,4.09,1.29,100.97,,,,,,,,,,,,,,,,,,,,,,
T_47,site 18,Amphitheatre- Upper black and bomb bed gulch 15,EDS,459812,4095069,37.00091312,-117.4516761,53.97,2.60,15.63,10.14,0.33,3.06,5.90,3.43,3.44,1.07,101.70,,,,,,,,,,,,,,,,,,,,,,
T_47,site 19,Amphitheatre- Upper black and bomb bed gulch 16,EDS,459812,4095069,37.00091312,-117.4516761,57.82,2.29,17.30,7.45,,1.70,5.08,4.30,3.38,1.06,100.39,,,,,,,,,,,,,,,,,,,,,,
S_74,Site 7,Amphitheatre - Opening blast ,EDS,459510,4094897,36.99934972,-117.455061,54.03,2.52,16.11,9.87,0.31,2.93,6.53,2.93,3.01,1.11,104.66,,,,,,,,,,,,,,,,,,,,,,
S_74,Site 8,Amphitheatre - Opening blast ,EDS,459510,4094897,36.99934972,-117.455061,54.22,2.55,16.24,9.72,0.28,2.90,6.54,2.98,2.98,1.02,101.79,,,,,,,,,,,,,,,,,,,,,,
S_74,Site 9,Amphitheatre - Opening blast ,EDS,459510,4094897,36.99934972,-117.455061,54.44,2.51,16.21,9.64,0.31,2.89,6.38,3.14,3.18,1.09,102.26,,,,,,,,,,,,,,,,,,,,,,
S_74,Site 10,Amphitheatre - Opening blast ,EDS,459510,4094897,36.99934972,-117.455061,53.35,2.48,16.13,9.63,0.31,3.11,6.69,3.62,3.47,1.09,102.19,,,,,,,,,,,,,,,,,,,,,,
S_74,Site11,Amphitheatre - Opening blast ,EDS,459510,4094897,36.99934972,-117.455061,53.83,2.49,16.15,9.75,0.33,2.97,6.55,2.78,3.02,1.09,105.22,,,,,,,,,,,,,,,,,,,,,,
S_74,Site 12,Amphitheatre - Opening blast ,EDS,459510,4094897,36.99934972,-117.455061,53.94,2.46,16.32,9.82,0.30,3.08,6.65,3.26,3.13,1.10,100.06,,,,,,,,,,,,,,,,,,,,,,
S_74,Site 13,Amphitheatre - Opening blast ,EDS,459510,4094897,36.99934972,-117.455061,53.84,2.49,16.37,9.67,0.28,3.09,6.76,3.25,3.01,1.13,99.89,,,,,,,,,,,,,,,,,,,,,,
T_74,Site 16,Amphitheatre - Opening blast ,EDS,459510,4094897,36.99934972,-117.455061,55.33,2.32,16.51,9.15,,2.68,5.97,2.65,3.39,0.83,101.01,,,,,,,,,,,,,,,,,,,,,,
T_74,Site 17,Amphitheatre - Opening blast ,EDS,459510,4094897,36.99934972,-117.455061,54.62,2.48,16.26,9.52,0.33,2.60,4.34,3.42,4.57,1.60,102.10,,,,,,,,,,,,,,,,,,,,,,
T_74,Site 17,Amphitheatre - Opening blast ,EDS,459510,4094897,36.99934972,-117.455061,61.37,1.29,19.58,3.80,0.28,1.17,4.41,4.56,3.76,,100.81,,,,,,,,,,,,,,,,,,,,,,
T_74,Site 19,Amphitheatre - Opening blast ,EDS,459510,4094897,36.99934972,-117.455061,60.24,1.82,17.38,6.53,0.37,1.46,4.08,3.56,4.27,1.26,101.78,,,,,,,,,,,,,,,,,,,,,,
S_53,site 1,Northern Amphitheatre,EDS,459919,4095267,37.00270249,-117.4504841,53.66,2.10,17.91,8.60,0.31,3.19,7.61,3.19,2.60,1.27,100.44,,,,,,,,,,,,,,,,,,,,,,
S_53,site 2,Northern Amphitheatre,EDS,459919,4095267,37.00270249,-117.4504841,55.02,2.46,16.10,9.85,0.28,2.97,6.46,2.84,3.01,1.21,100.21,,,,,,,,,,,,,,,,,,,,,,
S_53,site 6,Northern Amphitheatre,EDS,459919,4095267,37.00270249,-117.4504841,54.06,2.51,16.10,10.09,0.28,3.14,6.34,2.95,3.12,1.14,102.27,,,,,,,,,,,,,,,,,,,,,,
T_53,site 11 ,Northern Amphitheatre,EDS,459919,4095267,37.00270249,-117.4504841,60.34,1.40,17.13,4.77,,1.11,4.30,3.83,4.52,2.31,103.14,,,,,,,,,,,,,,,,,,,,,,
